date,close_yuan_per_ton,listed_volume_ton,listed_amount_yuan,block_volume_ton,block_amount_yuan,auction_volume_ton,auction_amount_yuan,total_volume_ton,total_amount_yuan,has_trade,source_url
2025-01-02,97.01,3991,383136.00,0,0,0,0,3991,383136.00,1,https://overview.cneeex.com/c/2025-01-02/495882.shtml
2025-01-03,96.76,20000,1900000.00,0,0,0,0,20000,1900000.00,1,https://overview.cneeex.com/c/2025-01-03/495886.shtml
2025-01-06,96.70,8,776.00,0,0,0,0,8,776.00,1,https://overview.cneeex.com/c/2025-01-06/495888.shtml
2025-01-07,96.70,30008,2850776.00,0,0,0,0,30008,2850776.00,1,https://overview.cneeex.com/c/2025-01-07/495897.shtml
2025-01-08,94.25,82671,7717658.48,0,0,0,0,82671,7717658.48,1,https://overview.cneeex.com/c/2025-01-08/495898.shtml
2025-01-09,94.22,15000,1410000.00,0,0,0,0,15000,1410000.00,1,https://overview.cneeex.com/c/2025-01-09/495899.shtml
2025-01-10,94.47,8,752.08,0,0,0,0,8,752.08,1,https://overview.cneeex.com/c/2025-01-10/495901.shtml
2025-01-13,94.47,10008,940752.08,0,0,0,0,10008,940752.08,1,https://overview.cneeex.com/c/2025-01-13/495904.shtml
2025-01-14,94.47,0,0,0,0,0,0,0,0,0,https://overview.cneeex.com/c/2025-01-14/495910.shtml
2025-01-15,94.95,6595,626525.00,100000,9320000.00,0,0,106595,9946525.00,1,https://overview.cneeex.com/c/2025-01-15/495914.shtml
2025-01-16,94.95,0,0,0,0,0,0,0,0,0,https://overview.cneeex.com/c/2025-01-16/495915.shtml
2025-01-17,94.95,17497,1644718.00,0,0,0,0,17497,1644718.00,1,https://overview.cneeex.com/c/2025-01-17/495916.shtml
2025-01-20,93.85,50000,4660000.00,200000,18640000.00,0,0,250000,23300000.00,1,https://overview.cneeex.com/c/2025-01-20/495920.shtml
2025-01-21,93.35,5058,465336.00,1000000,90000000.00,0,0,1005058,90465336.00,1,https://overview.cneeex.com/c/2025-01-21/495923.shtml
2025-01-22,93.35,0,0,250000,23300000.00,0,0,250000,23300000.00,1,https://overview.cneeex.com/c/2025-01-22/495924.shtml
2025-01-23,93.35,0,0,200000,18400000.00,0,0,200000,18400000.00,1,https://overview.cneeex.com/c/2025-01-23/495927.shtml
2025-01-24,93.43,725,67787.50,0,0,0,0,725,67787.50,1,https://overview.cneeex.com/c/2025-01-24/495929.shtml
2025-01-27,93.43,0,0,0,0,0,0,0,0,0,https://overview.cneeex.com/c/2025-01-27/495935.shtml
2025-02-05,93.43,0,0,0,0,0,0,0,0,0,https://overview.cneeex.com/c/2025-02-05/495938.shtml
2025-02-06,92.93,10000,930000.00,0,0,0,0,10000,930000.00,1,https://overview.cneeex.com/c/2025-02-06/495939.shtml
2025-02-07,92.93,0,0,0,0,0,0,0,0,0,https://overview.cneeex.com/c/2025-02-07/495941.shtml
2025-02-10,92.93,0,0,0,0,0,0,0,0,0,https://overview.cneeex.com/c/2025-02-10/495945.shtml
2025-02-11,92.93,0,0,100000,9280000.00,0,0,100000,9280000.00,1,https://overview.cneeex.com/c/2025-02-11/495947.shtml
2025-02-12,92.22,40000,3695000.00,0,0,0,0,40000,3695000.00,1,https://overview.cneeex.com/c/2025-02-12/495949.shtml
2025-02-13,92.34,8648,799940.00,0,0,0,0,8648,799940.00,1,https://overview.cneeex.com/c/2025-02-13/495950.shtml
2025-02-14,91.14,61513,5567670.00,200000,18480000.00,0,0,261513,24047670.00,1,https://overview.cneeex.com/c/2025-02-14/495953.shtml
2025-02-17,91.14,0,0,0,0,0,0,0,0,0,https://overview.cneeex.com/c/2025-02-17/495955.shtml
2025-02-18,91.17,16733,1520552.59,0,0,0,0,16733,1520552.59,1,https://overview.cneeex.com/c/2025-02-18/495962.shtml
2025-02-19,91.24,74000,6697000.00,0,0,0,0,74000,6697000.00,1,https://overview.cneeex.com/c/2025-02-19/495963.shtml
2025-02-20,90.48,119594,10802445.00,0,0,0,0,119594,10802445.00,1,https://overview.cneeex.com/c/2025-02-20/495964.shtml
2025-02-21,89.90,38906,3482090.00,0,0,0,0,38906,3482090.00,1,https://overview.cneeex.com/c/2025-02-21/495965.shtml
2025-02-24,89.89,5000,450000.00,0,0,0,0,5000,450000.00,1,https://overview.cneeex.com/c/2025-02-24/495967.shtml
2025-02-25,90.83,187174,17037430.12,0,0,0,0,187174,17037430.12,1,https://overview.cneeex.com/c/2025-02-25/495972.shtml
2025-02-26,89.75,60050,5369500.00,0,0,0,0,60050,5369500.00,1,https://overview.cneeex.com/c/2025-02-26/495978.shtml
2025-02-27,89.75,0,0,100000,8900000.00,0,0,100000,8900000.00,1,https://overview.cneeex.com/c/2025-02-27/495980.shtml
2025-02-28,89.56,173950,15436550.00,100000,8350000.00,0,0,273950,23786550.00,1,https://overview.cneeex.com/c/2025-02-28/495981.shtml
2025-03-03,89.81,1,90.00,100000,8874000.00,0,0,100001,8874090.00,1,https://overview.cneeex.com/c/2025-03-03/495987.shtml
2025-03-04,89.25,4000,353000.00,0,0,0,0,4000,353000.00,1,https://overview.cneeex.com/c/2025-03-04/495989.shtml
2025-03-05,89.12,5000,440000.00,0,0,0,0,5000,440000.00,1,https://overview.cneeex.com/c/2025-03-05/495991.shtml
2025-03-06,89.62,1300,116987.00,100000,8650000.00,0,0,101300,8766987.00,1,https://overview.cneeex.com/c/2025-03-06/495993.shtml
2025-03-07,89.62,0,0,0,0,0,0,0,0,0,https://overview.cneeex.com/c/2025-03-07/495997.shtml
2025-03-10,88.87,566,49242.00,0,0,0,0,566,49242.00,1,https://overview.cneeex.com/c/2025-03-10/496002.shtml
2025-03-11,88.12,10000,850000.00,200000,17500000.00,0,0,210000,18350000.00,1,https://overview.cneeex.com/c/2025-03-11/496004.shtml
2025-03-12,86.60,18596,1587160.00,0,0,0,0,18596,1587160.00,1,https://overview.cneeex.com/c/2025-03-12/496009.shtml
2025-03-13,88.04,85091,7472004.42,0,0,0,0,85091,7472004.42,1,https://overview.cneeex.com/c/2025-03-13/496010.shtml
2025-03-14,88.54,10000,870000.00,100000,8550000.00,0,0,110000,9420000.00,1,https://overview.cneeex.com/c/2025-03-14/496014.shtml
2025-03-17,87.87,2423,213224.00,100000,8600000.00,0,0,102423,8813224.00,1,https://overview.cneeex.com/c/2025-03-17/496018.shtml
2025-03-18,87.87,0,0,0,0,0,0,0,0,0,https://overview.cneeex.com/c/2025-03-18/496019.shtml
2025-03-19,87.87,0,0,0,0,0,0,0,0,0,https://overview.cneeex.com/c/2025-03-19/496023.shtml
2025-03-20,87.79,42050,3603275.00,0,0,0,0,42050,3603275.00,1,https://overview.cneeex.com/c/2025-03-20/496029.shtml
2025-03-21,87.78,14545,1245812.50,118941,10109985.00,0,0,133486,11355797.50,1,https://overview.cneeex.com/c/2025-03-21/496036.shtml
2025-03-24,87.74,198009,16920966.80,0,0,0,0,198009,16920966.80,1,https://overview.cneeex.com/c/2025-03-24/496039.shtml
2025-03-25,87.20,57123,4758086.00,150000,12675000.00,0,0,207123,17433086.00,1,https://overview.cneeex.com/c/2025-03-25/496041.shtml
2025-03-26,85.75,257821,22001982.50,150000,12855000.00,0,0,407821,34856982.50,1,https://overview.cneeex.com/c/2025-03-26/496042.shtml
2025-03-27,86.13,100487,8477926.00,200000,15500000.00,0,0,300487,23977926.00,1,https://overview.cneeex.com/c/2025-03-27/496047.shtml
2025-03-28,86.13,140500,11802000.00,0,0,0,0,140500,11802000.00,1,https://overview.cneeex.com/c/2025-03-28/496049.shtml
2025-03-31,86.13,10000,840000.00,1000000,76000000.00,0,0,1010000,76840000.00,1,https://overview.cneeex.com/c/2025-03-31/496053.shtml
2025-04-01,85.51,101100,8443439.00,100000,8450000.00,0,0,201100,16893439.00,1,https://overview.cneeex.com/c/2025-04-01/496062.shtml
2025-04-02,85.43,50000,4161000.00,200000,15900000.00,0,0,250000,20061000.00,1,https://overview.cneeex.com/c/2025-04-02/496065.shtml
2025-04-03,85.40,10000,831000.00,263489,18466318.00,0,0,273489,19297318.00,1,https://overview.cneeex.com/c/2025-04-03/496101.shtml
2025-04-07,85.42,4600,382680.00,0,0,0,0,4600,382680.00,1,https://overview.cneeex.com/c/2025-04-07/496111.shtml
2025-04-08,85.50,21083,1760105.60,0,0,0,0,21083,1760105.60,1,https://overview.cneeex.com/c/2025-04-08/496124.shtml
2025-04-09,85.50,1000,83500.00,0,0,0,0,1000,83500.00,1,https://overview.cneeex.com/c/2025-04-09/496125.shtml
2025-04-10,85.40,21000,1744990.00,282926,23179932.00,0,0,303926,24924922.00,1,https://overview.cneeex.com/c/2025-04-10/496130.shtml
2025-04-11,85.32,26700,2210100.00,0,0,0,0,26700,2210100.00,1,https://overview.cneeex.com/c/2025-04-11/496131.shtml
2025-04-14,83.66,62649,5160807.40,100000,7900000.00,0,0,162649,13060807.40,1,https://overview.cneeex.com/c/2025-04-14/496136.shtml
2025-04-15,83.66,358650,29658950.00,100000,8180000.00,0,0,458650,37838950.00,1,https://overview.cneeex.com/c/2025-04-15/496142.shtml
2025-04-16,83.50,97789,8024576.90,0,0,0,0,97789,8024576.90,1,https://overview.cneeex.com/c/2025-04-16/496143.shtml
2025-04-17,81.10,127284,10239673.00,100000,8100000.00,0,0,227284,18339673.00,1,https://overview.cneeex.com/c/2025-04-17/496151.shtml
2025-04-18,80.38,52500,4148965.00,500000,42729000.00,0,0,552500,46877965.00,1,https://overview.cneeex.com/c/2025-04-18/496152.shtml
2025-04-21,79.28,26000,2035900.00,140000,11060000.00,0,0,166000,13095900.00,1,https://overview.cneeex.com/c/2025-04-21/496155.shtml
2025-04-22,76.85,248357,19217682.00,300000,24999000.00,0,0,548357,44216682.00,1,https://overview.cneeex.com/c/2025-04-22/496161.shtml
2025-04-23,76.90,116510,9039304.00,0,0,0,0,116510,9039304.00,1,https://overview.cneeex.com/c/2025-04-23/496163.shtml
2025-04-24,76.02,77778,5915428.00,155000,11780000.00,0,0,232778,17695428.00,1,https://overview.cneeex.com/c/2025-04-24/496165.shtml
2025-04-25,75.76,250500,18794885.00,300000,22600000.00,0,0,550500,41394885.00,1,https://overview.cneeex.com/c/2025-04-25/496171.shtml
2025-04-28,73.17,87000,6406410.00,340000,24350000.00,0,0,427000,30756410.00,1,https://overview.cneeex.com/c/2025-04-28/496174.shtml
2025-04-29,72.99,15543,1131134.00,450000,33139500.00,0,0,465543,34270634.00,1,https://overview.cneeex.com/c/2025-04-29/496183.shtml
2025-04-30,71.46,106250,7448760.00,712305,49189417.50,0,0,818555,56638177.50,1,https://overview.cneeex.com/c/2025-04-30/496184.shtml
2025-05-06,71.35,153746,10764220.00,300000,21000000.00,0,0,453746,31764220.00,1,https://overview.cneeex.com/c/2025-05-06/496189.shtml
2025-05-07,71.30,110500,7735000.00,200000,13990000.00,0,0,310500,21725000.00,1,https://overview.cneeex.com/c/2025-05-07/496205.shtml
2025-05-08,71.35,56194,3952983.00,100000,6990000.00,0,0,156194,10942983.00,1,https://overview.cneeex.com/c/2025-05-08/496207.shtml
2025-05-09,69.86,106011,7452677.57,150000,10425000.00,0,0,256011,17877677.57,1,https://overview.cneeex.com/c/2025-05-09/496208.shtml
2025-05-12,70.14,125608,8855914.00,200000,14200000.00,0,0,325608,23055914.00,1,https://overview.cneeex.com/c/2025-05-12/496214.shtml
2025-05-13,70.14,334151,23558138.50,1782098,132792573.10,0,0,2116249,156350711.60,1,https://overview.cneeex.com/c/2025-05-13/496217.shtml
2025-05-14,70.36,194565,13778462.50,200000,14120000.00,0,0,394565,27898462.50,1,https://overview.cneeex.com/c/2025-05-14/496218.shtml
2025-05-15,70.40,286041,20289481.00,300000,20400000.00,0,0,586041,40689481.00,1,https://overview.cneeex.com/c/2025-05-15/496220.shtml
2025-05-16,70.42,149700,10628850.00,100000,7099000.00,0,0,249700,17727850.00,1,https://overview.cneeex.com/c/2025-05-16/496232.shtml
2025-05-19,70.33,525553,37308367.20,0,0,0,0,525553,37308367.20,1,https://overview.cneeex.com/c/2025-05-19/496306.shtml
2025-05-20,70.34,146796,10416051.27,700000,47570000.00,0,0,846796,57986051.27,1,https://overview.cneeex.com/c/2025-05-20/496309.shtml
2025-05-21,70.31,353315,25072250.00,786111,56012426.70,0,0,1139426,81084676.70,1,https://overview.cneeex.com/c/2025-05-21/496313.shtml
2025-05-22,69.91,63600,4453880.00,247906,17793185.00,0,0,311506,22247065.00,1,https://overview.cneeex.com/c/2025-05-22/496314.shtml
2025-05-23,69.41,156358,11010119.30,420000,30889000.00,0,0,576358,41899119.30,1,https://overview.cneeex.com/c/2025-05-23/496315.shtml
2025-05-26,68.83,97516,6796223.36,350000,24700000.00,0,0,447516,31496223.36,1,https://overview.cneeex.com/c/2025-05-26/496317.shtml
2025-05-27,68.46,205848,14200031.93,200000,13900000.00,0,0,405848,28100031.93,1,https://overview.cneeex.com/c/2025-05-27/496325.shtml
2025-05-28,68.45,61029,4206015.50,240500,16462700.00,0,0,301529,20668715.50,1,https://overview.cneeex.com/c/2025-05-28/496329.shtml
2025-05-29,68.21,55000,3766500.00,253914,16393481.10,0,0,308914,20159981.10,1,https://overview.cneeex.com/c/2025-05-29/496330.shtml
2025-05-30,68.46,358520,24472261.20,300000,20760000.00,0,0,658520,45232261.20,1,https://overview.cneeex.com/c/2025-05-30/496332.shtml
2025-06-03,68.34,11782,795385.00,300000,20480000.00,0,0,311782,21275385.00,1,https://overview.cneeex.com/c/2025-06-03/496340.shtml
2025-06-04,68.00,161987,10947322.50,110000,7491000.00,0,0,271987,18438322.50,1,https://overview.cneeex.com/c/2025-06-04/496348.shtml
2025-06-05,67.72,97940,6722780.00,270000,15895200.00,0,0,367940,22617980.00,1,https://overview.cneeex.com/c/2025-06-05/496349.shtml
2025-06-06,67.90,118612,8180004.12,1150000,78720000.00,0,0,1268612,86900004.12,1,https://overview.cneeex.com/c/2025-06-06/496353.shtml
2025-06-09,67.68,69212,4750628.00,600000,41280000.00,0,0,669212,46030628.00,1,https://overview.cneeex.com/c/2025-06-09/496355.shtml
2025-06-10,67.67,26716,1832406.00,990000,68308000.00,0,0,1016716,70140406.00,1,https://overview.cneeex.com/c/2025-06-10/496357.shtml
2025-06-11,68.48,212487,14739156.00,640000,44564000.00,0,0,852487,59303156.00,1,https://overview.cneeex.com/c/2025-06-11/496360.shtml
2025-06-12,70.39,82000,5746790.00,100000,7000000.00,0,0,182000,12746790.00,1,https://overview.cneeex.com/c/2025-06-12/496361.shtml
2025-06-13,70.96,14500,1029900.00,420000,29904000.00,0,0,434500,30933900.00,1,https://overview.cneeex.com/c/2025-06-13/496362.shtml
2025-06-16,69.03,87148,6370909.20,160000,11046400.00,0,0,247148,17417309.20,1,https://overview.cneeex.com/c/2025-06-16/496414.shtml
2025-06-17,72.68,18021,1328436.11,750000,50911000.00,0,0,768021,52239436.11,1,https://overview.cneeex.com/c/2025-06-17/496416.shtml
2025-06-18,72.80,201000,14757780.00,0,0,0,0,201000,14757780.00,1,https://overview.cneeex.com/c/2025-06-18/496504.shtml
2025-06-19,73.44,924340,69166654.10,550000,40500000.00,0,0,1474340,109666654.10,1,https://overview.cneeex.com/c/2025-06-19/496505.shtml
2025-06-20,73.01,182898,13479883.30,650000,47405000.00,0,0,832898,60884883.30,1,https://overview.cneeex.com/c/2025-06-20/496507.shtml
2025-06-23,73.72,184052,13856970.04,469000,31892000.00,0,0,653052,45748970.04,1,https://overview.cneeex.com/c/2025-06-23/496509.shtml
2025-06-24,74.32,422395,31623933.84,1425000,114115000.00,0,0,1847395,145738933.84,1,https://overview.cneeex.com/c/2025-06-24/496511.shtml
2025-06-25,75.97,458825,34622562.50,345000,26820000.00,0,0,803825,61442562.50,1,https://overview.cneeex.com/c/2025-06-25/496514.shtml
2025-06-26,76.57,389066,30028983.70,1465540,105164740.00,0,0,1854606,135193723.70,1,https://overview.cneeex.com/c/2025-06-26/496516.shtml
2025-06-27,76.54,384460,29807053.90,1002000,74119810.00,0,0,1386460,103926863.90,1,https://overview.cneeex.com/c/2025-06-27/496517.shtml
2025-06-30,75.02,140694,10279308.00,300000,19400000.00,0,0,440694,29679308.00,1,https://overview.cneeex.com/c/2025-06-30/496524.shtml
2025-07-01,74.28,300910,22334340.90,480000,35505000.00,0,0,780910,57839340.90,1,https://overview.cneeex.com/c/2025-07-01/496604.shtml
2025-07-02,73.11,355000,25822500.00,250000,18420000.00,0,0,605000,44242500.00,1,https://overview.cneeex.com/c/2025-07-02/496605.shtml
2025-07-03,74.03,210735,15624557.80,101104,7481696.00,0,0,311839,23106253.80,1,https://overview.cneeex.com/c/2025-07-03/496606.shtml
2025-07-04,74.08,76812,5715092.40,250000,18500000.00,0,0,326812,24215092.40,1,https://overview.cneeex.com/c/2025-07-04/496607.shtml
2025-07-07,74.78,41000,3121900.00,0,0,0,0,41000,3121900.00,1,https://overview.cneeex.com/c/2025-07-07/496609.shtml
2025-07-08,74.22,229000,17122600.00,0,0,0,0,229000,17122600.00,1,https://overview.cneeex.com/c/2025-07-08/496613.shtml
2025-07-09,74.17,52720,3931500.00,527161,41025212.00,0,0,579881,44956712.00,1,https://overview.cneeex.com/c/2025-07-09/496614.shtml
2025-07-10,74.30,273030,20447123.00,330359,23755445.00,0,0,603389,44202568.00,1,https://overview.cneeex.com/c/2025-07-10/496617.shtml
2025-07-11,73.21,313027,23315601.50,201673,14925475.00,0,0,514700,38241076.50,1,https://overview.cneeex.com/c/2025-07-11/496624.shtml
2025-07-14,73.09,31100,2308800.00,0,0,0,0,31100,2308800.00,1,https://overview.cneeex.com/c/2025-07-14/496627.shtml
2025-07-15,73.38,278720,20839130.00,0,0,0,0,278720,20839130.00,1,https://overview.cneeex.com/c/2025-07-15/496634.shtml
2025-07-16,72.98,383874,28348627.41,525000,39006285.00,130000,9771500.00,1038874,77126412.41,1,https://overview.cneeex.com/c/2025-07-16/496639.shtml
2025-07-17,72.94,340820,25236860.22,300000,20808000.00,0,0,640820,46044860.22,1,https://overview.cneeex.com/c/2025-07-17/496641.shtml
2025-07-18,72.82,376400,27628200.00,100000,7480000.00,0,0,476400,35108200.00,1,https://overview.cneeex.com/c/2025-07-18/496648.shtml
2025-07-21,73.12,114641,8547851.80,500000,37000000.00,0,0,614641,45547851.80,1,https://overview.cneeex.com/c/2025-07-21/496650.shtml
2025-07-22,73.30,205900,15336770.00,900000,63108000.00,0,0,1105900,78444770.00,1,https://overview.cneeex.com/c/2025-07-22/496652.shtml
2025-07-23,73.81,464450,34652165.60,223000,13588620.00,0,0,687450,48240785.60,1,https://overview.cneeex.com/c/2025-07-23/496655.shtml
2025-07-24,73.84,416673,31033751.17,124187,8793681.47,0,0,540860,39827432.64,1,https://overview.cneeex.com/c/2025-07-24/496659.shtml
2025-07-25,73.70,288406,21370344.81,0,0,0,0,288406,21370344.81,1,https://overview.cneeex.com/c/2025-07-25/496662.shtml
2025-07-28,73.66,110183,8157694.80,200000,14140000.00,0,0,310183,22297694.80,1,https://overview.cneeex.com/c/2025-07-28/496669.shtml
2025-07-29,73.32,251580,18438528.80,406430,29863633.80,0,0,658010,48302162.60,1,https://overview.cneeex.com/c/2025-07-29/496674.shtml
2025-07-30,73.48,233300,17244810.00,100000,7292000.00,0,0,333300,24536810.00,1,https://overview.cneeex.com/c/2025-07-30/496675.shtml
2025-07-31,72.48,291481,21265243.80,375550,26753164.00,0,0,667031,48018407.80,1,https://overview.cneeex.com/c/2025-07-31/496676.shtml
2025-08-01,72.43,110104,8086005.52,412621,31005807.08,0,0,522725,39091812.60,1,https://overview.cneeex.com/c/2025-08-01/496678.shtml
2025-08-04,72.62,177000,13089810.00,100000,7292000.00,0,0,277000,20381810.00,1,https://overview.cneeex.com/c/2025-08-04/496682.shtml
2025-08-05,72.38,124246,9124729.00,897122,58571000.15,0,0,1021368,67695729.15,1,https://overview.cneeex.com/c/2025-08-05/496687.shtml
2025-08-06,72.19,143000,10450710.00,1239300,88031500.00,0,0,1382300,98482210.00,1,https://overview.cneeex.com/c/2025-08-06/496688.shtml
2025-08-07,72.12,93022,6803797.10,100000,5500000.00,0,0,193022,12303797.10,1,https://overview.cneeex.com/c/2025-08-07/496691.shtml
2025-08-08,72.09,269079,19675942.00,100000,7300000.00,0,0,369079,26975942.00,1,https://overview.cneeex.com/c/2025-08-08/496692.shtml
2025-08-11,72.00,71752,5226820.40,745654,41195915.00,0,0,817406,46422735.40,1,https://overview.cneeex.com/c/2025-08-11/496694.shtml
2025-08-12,71.52,292649,20997682.09,190289,14176530.50,0,0,482938,35174212.59,1,https://overview.cneeex.com/c/2025-08-12/496696.shtml
2025-08-13,71.41,159928,11586830.00,100000,7400000.00,0,0,259928,18986830.00,1,https://overview.cneeex.com/c/2025-08-13/496697.shtml
2025-08-14,71.72,341862,24754800.70,200000,14280000.00,0,0,541862,39034800.70,1,https://overview.cneeex.com/c/2025-08-14/496698.shtml
2025-08-15,71.57,209519,15118386.80,720000,52089200.00,0,0,929519,67207586.80,1,https://overview.cneeex.com/c/2025-08-15/496699.shtml
2025-08-18,70.86,90844,6452689.60,300000,21480000.00,0,0,390844,27932689.60,1,https://overview.cneeex.com/c/2025-08-18/496705.shtml
2025-08-19,70.92,250528,17819758.10,0,0,0,0,250528,17819758.10,1,https://overview.cneeex.com/c/2025-08-19/496706.shtml
2025-08-20,70.57,211274,14920551.27,869791,61198204.72,0,0,1081065,76118755.99,1,https://overview.cneeex.com/c/2025-08-20/496708.shtml
2025-08-21,70.36,398264,27930947.41,103632,7002414.24,0,0,501896,34933361.65,1,https://overview.cneeex.com/c/2025-08-21/496709.shtml
2025-08-22,70.30,49846,3484021.35,0,0,0,0,49846,3484021.35,1,https://overview.cneeex.com/c/2025-08-22/496710.shtml
2025-08-25,70.34,304719,21349326.43,0,0,0,0,304719,21349326.43,1,https://overview.cneeex.com/c/2025-08-25/496712.shtml
2025-08-26,69.69,369883,25695413.89,200000,13950000.00,0,0,569883,39645413.89,1,https://overview.cneeex.com/c/2025-08-26/496717.shtml
2025-08-27,69.72,567187,39561047.26,1716752,112887790.88,0,0,2283939,152448838.14,1,https://overview.cneeex.com/c/2025-08-27/496726.shtml
2025-08-28,69.45,364385,25253083.92,897184,60861238.76,5000,348900.00,1266569,86463222.68,1,https://overview.cneeex.com/c/2025-08-28/496732.shtml
2025-08-29,69.30,431436,29862508.22,1180939,80619866.40,0,0,1612375,110482374.62,1,https://overview.cneeex.com/c/2025-08-29/496733.shtml
2025-09-01,69.41,152600,10569857.40,317000,22223640.00,0,0,469600,32793497.40,1,https://overview.cneeex.com/c/2025-09-01/496741.shtml
2025-09-02,68.75,473202,32420095.71,1159450,65588200.00,0,0,1632652,98008295.71,1,https://overview.cneeex.com/c/2025-09-02/496744.shtml
2025-09-03,68.76,591219,40415121.28,2481256,158183849.68,0,0,3072475,198598970.96,1,https://overview.cneeex.com/c/2025-09-03/496745.shtml
2025-09-04,67.95,725566,48941057.61,2001510,131927902.40,0,0,2727076,180868960.01,1,https://overview.cneeex.com/c/2025-09-04/496751.shtml
2025-09-05,66.18,181735,11883245.05,295077,19622620.50,2000,134600.00,478812,31640465.55,1,https://overview.cneeex.com/c/2025-09-05/496752.shtml
2025-09-08,64.74,312098,19514122.00,322120,21317901.60,0,0,634218,40832023.60,1,https://overview.cneeex.com/c/2025-09-08/496754.shtml
2025-09-09,64.45,330452,20431436.30,818000,51397600.00,0,0,1148452,71829036.30,1,https://overview.cneeex.com/c/2025-09-09/496756.shtml
2025-09-10,63.55,390436,23646445.17,957741,61101132.40,0,0,1348177,84747577.57,1,https://overview.cneeex.com/c/2025-09-10/496757.shtml
2025-09-11,63.28,338358,20398348.79,717000,45082800.00,0,0,1055358,65481148.79,1,https://overview.cneeex.com/c/2025-09-11/496758.shtml
2025-09-12,62.07,393390,23681527.43,748490,46040155.00,0,0,1141880,69721682.43,1,https://overview.cneeex.com/c/2025-09-12/496759.shtml
2025-09-15,61.42,145146,8695286.75,388000,28479200.00,0,0,533146,37174486.75,1,https://overview.cneeex.com/c/2025-09-15/496762.shtml
2025-09-16,60.91,188910,11043473.89,1317065,87884550.00,0,0,1505975,98928023.89,1,https://overview.cneeex.com/c/2025-09-16/496763.shtml
2025-09-17,60.58,701258,40544637.19,0,0,0,0,701258,40544637.19,1,https://overview.cneeex.com/c/2025-09-17/496765.shtml
2025-09-18,60.33,483033,27431215.54,978180,55695775.80,0,0,1461213,83126991.34,1,https://overview.cneeex.com/c/2025-09-18/496766.shtml
2025-09-19,59.68,598891,33240645.39,719209,45754729.82,0,0,1318100,78995375.21,1,https://overview.cneeex.com/c/2025-09-19/496767.shtml
2025-09-22,59.42,193195,10619945.45,100000,5540000.00,0,0,293195,16159945.45,1,https://overview.cneeex.com/c/2025-09-22/496771.shtml
2025-09-23,59.83,449704,25090893.93,1120696,67112170.56,0,0,1570400,92203064.49,1,https://overview.cneeex.com/c/2025-09-23/496772.shtml
2025-09-24,58.51,792921,45082122.10,630000,45297000.00,0,0,1422921,90379122.10,1,https://overview.cneeex.com/c/2025-09-24/496774.shtml
2025-09-25,59.76,812915,46803080.40,844819,55232515.98,0,0,1657734,102035596.38,1,https://overview.cneeex.com/c/2025-09-25/496775.shtml
2025-09-26,59.16,1349058,75403294.22,1833827,108685663.90,0,0,3182885,184088958.12,1,https://overview.cneeex.com/c/2025-09-26/496779.shtml
2025-09-29,58.59,585404,31943038.20,1164669,68671941.34,0,0,1750073,100614979.54,1,https://overview.cneeex.com/c/2025-09-29/496794.shtml
2025-09-30,57.97,1049302,55917103.52,2546005,148972997.44,0,0,3595307,204890100.96,1,https://overview.cneeex.com/c/2025-09-30/496796.shtml
2025-10-09,58.80,40000,2200000.00,200000,11812000.00,0,0,240000,14012000.00,1,https://overview.cneeex.com/c/2025-10-09/496803.shtml
2025-10-10,58.23,681263,36856590.40,300000,16992000.00,0,0,981263,53848590.40,1,https://overview.cneeex.com/c/2025-10-10/496804.shtml
2025-10-13,57.15,650290,33057714.10,942254,58211383.71,0,0,1592544,91269097.81,1,https://overview.cneeex.com/c/2025-10-13/496807.shtml
2025-10-14,55.82,595604,29113228.12,506100,20249061.00,0,0,1101704,49362289.12,1,https://overview.cneeex.com/c/2025-10-14/496809.shtml
2025-10-15,55.42,857880,40022947.81,2116970,122895445.72,0,0,2974850,162918393.53,1,https://overview.cneeex.com/c/2025-10-15/496810.shtml
2025-10-16,53.99,598023,27096591.10,2293709,113820260.79,0,0,2891732,140916851.89,1,https://overview.cneeex.com/c/2025-10-16/496815.shtml
2025-10-17,52.21,334346,13414920.20,2913389,124410934.60,0,0,3247735,137825854.80,1,https://overview.cneeex.com/c/2025-10-17/496817.shtml
2025-10-20,51.34,540397,20804369.05,723450,33388250.00,0,0,1263847,54192619.05,1,https://overview.cneeex.com/c/2025-10-20/496821.shtml
2025-10-21,52.59,441833,18440731.30,631108,22452386.10,0,0,1072941,40893117.40,1,https://overview.cneeex.com/c/2025-10-21/496822.shtml
2025-10-22,52.96,424367,18115636.46,1540160,74719367.26,0,0,1964527,92835003.72,1,https://overview.cneeex.com/c/2025-10-22/496823.shtml
2025-10-23,53.87,227941,10271309.94,620000,27846000.00,0,0,847941,38117309.94,1,https://overview.cneeex.com/c/2025-10-23/496829.shtml
2025-10-24,54.70,748384,35922308.53,1729662,84495758.69,0,0,2478046,120418067.22,1,https://overview.cneeex.com/c/2025-10-24/496831.shtml
2025-10-27,53.71,1050009,50889715.79,6328573,301523011.03,0,0,7378582,352412726.82,1,https://overview.cneeex.com/c/2025-10-27/496833.shtml
2025-10-28,51.73,582256,26614551.26,4894827,237119451.27,0,0,5477083,263734002.53,1,https://overview.cneeex.com/c/2025-10-28/496836.shtml
2025-10-29,51.24,912040,40433363.76,2604749,136814678.25,0,0,3516789,177248042.01,1,https://overview.cneeex.com/c/2025-10-29/496837.shtml
2025-10-30,51.25,897326,39867729.29,2003259,86377518.45,100000,4475000.00,3000585,130720247.74,1,https://overview.cneeex.com/c/2025-10-30/496838.shtml
2025-10-31,51.96,943851,43995377.01,588510,23714740.00,0,0,1532361,67710117.01,1,https://overview.cneeex.com/c/2025-10-31/496850.shtml
2025-11-03,52.73,421568,20448225.30,1105615,55169669.00,0,0,1527183,75617894.30,1,https://overview.cneeex.com/c/2025-11-03/496854.shtml
2025-11-04,52.77,691493,34636672.32,460961,16127557.00,100000,4894850.00,1252454,55659079.32,1,https://overview.cneeex.com/c/2025-11-04/496855.shtml
2025-11-05,52.86,955863,48179576.62,773057,37568580.73,0,0,1728920,85748157.35,1,https://overview.cneeex.com/c/2025-11-05/496860.shtml
2025-11-06,54.86,844102,44910195.57,555261,28537096.46,0,0,1399363,73447292.03,1,https://overview.cneeex.com/c/2025-11-06/496861.shtml
2025-11-07,57.79,1068129,61569440.45,2259608,111098844.82,0,0,3327737,172668285.27,1,https://overview.cneeex.com/c/2025-11-07/496866.shtml
2025-11-10,59.04,1080386,64233390.09,1925260,114602668.54,0,0,3005646,178836058.63,1,https://overview.cneeex.com/c/2025-11-10/496868.shtml
2025-11-11,60.94,1106016,69979813.34,3096862,195869487.94,0,0,4202878,265849301.28,1,https://overview.cneeex.com/c/2025-11-11/496872.shtml
2025-11-12,60.97,1147386,73318622.30,1768814,97238900.00,0,0,2916200,170557522.30,1,https://overview.cneeex.com/c/2025-11-12/496883.shtml
2025-11-13,60.59,1159309,70747231.98,2101470,123665875.03,0,0,3260779,194413107.01,1,https://overview.cneeex.com/c/2025-11-13/496885.shtml
2025-11-14,60.17,1654755,99370630.36,1734731,98480421.84,0,0,3389486,197851052.20,1,https://overview.cneeex.com/c/2025-11-14/496887.shtml
2025-11-17,60.83,509912,31266645.31,2161179,121248189.79,0,0,2671091,152514835.10,1,https://overview.cneeex.com/c/2025-11-17/496893.shtml
2025-11-18,61.76,974791,60242530.32,2378902,133179252.73,0,0,3353693,193421783.05,1,https://overview.cneeex.com/c/2025-11-18/496894.shtml
2025-11-19,66.86,1146422,77209757.63,908508,55311087.98,0,0,2054930,132520845.61,1,https://overview.cneeex.com/c/2025-11-19/496903.shtml
2025-11-20,67.87,817149,55849397.91,2197275,129089695.08,0,0,3014424,184939092.99,1,https://overview.cneeex.com/c/2025-11-20/496904.shtml
2025-11-21,65.27,400242,25509878.37,200000,12122000.00,0,0,600242,37631878.37,1,https://overview.cneeex.com/c/2025-11-21/496905.shtml
2025-11-24,62.53,582110,33766284.85,200000,11910000.00,0,0,782110,45676284.85,1,https://overview.cneeex.com/c/2025-11-24/496908.shtml
2025-11-25,60.16,667973,37704444.30,943051,56033702.50,0,0,1611024,93738146.80,1,https://overview.cneeex.com/c/2025-11-25/496911.shtml
2025-11-26,59.60,782381,43449301.60,1638531,97848723.36,0,0,2420912,141298024.96,1,https://overview.cneeex.com/c/2025-11-26/496913.shtml
2025-11-27,60.21,938054,52969056.12,2112574,120511294.20,0,0,3050628,173480350.32,1,https://overview.cneeex.com/c/2025-11-27/496914.shtml
2025-11-28,59.65,684373,39712101.40,1499152,91387848.00,0,0,2183525,131099949.40,1,https://overview.cneeex.com/c/2025-11-28/496918.shtml
2025-12-01,59.84,854941,50843395.62,1419656,80118130.48,0,0,2274597,130961526.10,1,https://overview.cneeex.com/c/2025-12-01/496922.shtml
2025-12-02,59.75,626682,37490267.90,240000,14400000.00,0,0,866682,51890267.90,1,https://overview.cneeex.com/c/2025-12-02/496924.shtml
2025-12-03,59.90,639256,38268042.10,226790,12472500.00,0,0,866046,50740542.10,1,https://overview.cneeex.com/c/2025-12-03/496925.shtml
2025-12-04,60.03,629497,37685005.94,621671,35709835.64,0,0,1251168,73394841.58,1,https://overview.cneeex.com/c/2025-12-04/496927.shtml
2025-12-05,60.06,605212,36333749.98,954681,55618842.30,0,0,1559893,91952592.28,1,https://overview.cneeex.com/c/2025-12-05/496928.shtml
2025-12-08,60.16,512841,30742957.10,1804531,106761248.00,0,0,2317372,137504205.10,1,https://overview.cneeex.com/c/2025-12-08/496934.shtml
2025-12-09,59.50,707913,42225260.06,1940000,115902000.00,0,0,2647913,158127260.06,1,https://overview.cneeex.com/c/2025-12-09/496938.shtml
2025-12-10,58.90,275733,16128422.19,570500,37758850.00,0,0,846233,53887272.19,1,https://overview.cneeex.com/c/2025-12-10/496939.shtml
2025-12-11,57.41,899947,51411027.28,165000,8910000.00,0,0,1064947,60321027.28,1,https://overview.cneeex.com/c/2025-12-11/496940.shtml
2025-12-12,58.03,785879,46054879.97,390500,22716295.00,0,0,1176379,68771174.97,1,https://overview.cneeex.com/c/2025-12-12/496941.shtml
2025-12-15,57.90,1013360,59400316.65,200000,10740000.00,0,0,1213360,70140316.65,1,https://overview.cneeex.com/c/2025-12-15/496950.shtml
2025-12-16,58.71,857620,50602496.04,1454803,84384373.28,0,0,2312423,134986869.32,1,https://overview.cneeex.com/c/2025-12-16/496951.shtml
2025-12-17,59.09,1994276,119488335.13,1031235,60426774.10,0,0,3025511,179915109.23,1,https://overview.cneeex.com/c/2025-12-17/496952.shtml
2025-12-18,60.65,812775,49550035.47,710789,44155120.00,0,0,1523564,93705155.47,1,https://overview.cneeex.com/c/2025-12-18/496953.shtml
2025-12-19,62.40,590441,38613954.40,1063519,62272023.81,0,0,1653960,100885978.21,1,https://overview.cneeex.com/c/2025-12-19/496956.shtml
2025-12-22,63.52,503066,33431511.95,2021548,120472884.50,0,0,2524614,153904396.45,1,https://overview.cneeex.com/c/2025-12-22/496958.shtml
2025-12-23,67.00,763174,53135694.48,2810773,196827975.00,0,0,3573947,249963669.48,1,https://overview.cneeex.com/c/2025-12-23/496959.shtml
2025-12-24,68.89,1186352,86392187.08,2275234,165095890.86,0,0,3461586,251488077.94,1,https://overview.cneeex.com/c/2025-12-24/496960.shtml
2025-12-25,72.58,1097636,88735764.28,1969110,147741397.48,0,0,3066746,236477161.76,1,https://overview.cneeex.com/c/2025-12-25/496963.shtml
2025-12-26,72.35,304440,22799832.16,2724282,207730520.06,0,0,3028722,230530352.22,1,https://overview.cneeex.com/c/2025-12-26/496964.shtml
2025-12-29,71.12,815043,58657344.90,981949,69018666.80,0,0,1796992,127676011.70,1,https://overview.cneeex.com/c/2025-12-29/496986.shtml
2025-12-30,72.87,1065532,77823593.23,3100000,228860000.00,0,0,4165532,306683593.23,1,https://overview.cneeex.com/c/2025-12-30/496996.shtml
2025-12-31,74.63,865112,65578197.89,100000,7640000.00,0,0,965112,73218197.89,1,https://overview.cneeex.com/c/2025-12-31/497007.shtml
